"ENTITY_ID","LAT","LON","CITY","STATE","ZIP","NAICS","NAICS_DESCRIPTION","BUSINESS_TYPE","YEAR","AVERAGE_REIMBURSEMENT_RATE"
1000,30.27062,-81.61642,"Jacksonville","FL","32207","622110","General Medical and Surgical Hospitals","Healthcare provider","2013",1097
1000,30.27062,-81.61642,"Jacksonville","FL","32207","622110","General Medical and Surgical Hospitals","Healthcare provider","2014",1094
1000,30.27062,-81.61642,"Jacksonville","FL","32207","622110","General Medical and Surgical Hospitals","Healthcare provider","2016",1110
1000,30.27062,-81.61642,"Jacksonville","FL","32207","622110","General Medical and Surgical Hospitals","Healthcare provider","2015",1091
1000,30.27062,-81.61642,"Jacksonville","FL","32207","622110","General Medical and Surgical Hospitals","Healthcare provider","2017",1119
1001,30.26383,-81.43758,"Jacksonville","FL","32224","622110","General Medical and Surgical Hospitals","Healthcare provider","2013",1086
1001,30.26383,-81.43758,"Jacksonville","FL","32224","622110","General Medical and Surgical Hospitals","Healthcare provider","2014",1092
1001,30.26383,-81.43758,"Jacksonville","FL","32224","622110","General Medical and Surgical Hospitals","Healthcare provider","2016",1110
1001,30.26383,-81.43758,"Jacksonville","FL","32224","622110","General Medical and Surgical Hospitals","Healthcare provider","2017",1122
1001,30.26383,-81.43758,"Jacksonville","FL","32224","622110","General Medical and Surgical Hospitals","Healthcare provider","2015",1095
1002,30.45549,-86.63299,"Fort Walton Beach","FL","32547","622110","General Medical and Surgical Hospitals","Healthcare provider","2013",1081
1002,30.45549,-86.63299,"Fort Walton Beach","FL","32547","622110","General Medical and Surgical Hospitals","Healthcare provider","2014",1083
1002,30.45549,-86.63299,"Fort Walton Beach","FL","32547","622110","General Medical and Surgical Hospitals","Healthcare provider","2015",1096
1002,30.45549,-86.63299,"Fort Walton Beach","FL","32547","622110","General Medical and Surgical Hospitals","Healthcare provider","2016",1096
1002,30.45549,-86.63299,"Fort Walton Beach","FL","32547","622110","General Medical and Surgical Hospitals","Healthcare provider","2017",1116
1003,28.90533,-81.24596,"Deltona","FL","32725","622110","General Medical and Surgical Hospitals","Healthcare provider","2013",1110
1003,28.90533,-81.24596,"Deltona","FL","32725","622110","General Medical and Surgical Hospitals","Healthcare provider","2016",1135
1003,28.90533,-81.24596,"Deltona","FL","32725","622110","General Medical and Surgical Hospitals","Healthcare provider","2017",1154
1003,28.90533,-81.24596,"Deltona","FL","32725","622110","General Medical and Surgical Hospitals","Healthcare provider","2015",1125
1003,28.90533,-81.24596,"Deltona","FL","32725","622110","General Medical and Surgical Hospitals","Healthcare provider","2014",1123
1004,41.79747,-72.74374,"West Hartford","CT","06117","622110","General Medical and Surgical Hospitals","Healthcare provider","2013",1174
1004,41.79747,-72.74374,"West Hartford","CT","06117","622110","General Medical and Surgical Hospitals","Healthcare provider","2014",1191
1004,41.79747,-72.74374,"West Hartford","CT","06117","622110","General Medical and Surgical Hospitals","Healthcare provider","2015",1253
1004,41.79747,-72.74374,"West Hartford","CT","06117","622110","General Medical and Surgical Hospitals","Healthcare provider","2016",1285
1004,41.79747,-72.74374,"West Hartford","CT","06117","622110","General Medical and Surgical Hospitals","Healthcare provider","2017",1284
1005,31.23266,-82.35342,"Waycross","GA","31501","622110","General Medical and Surgical Hospitals","Healthcare provider","2013",1168
1005,31.23266,-82.35342,"Waycross","GA","31501","622110","General Medical and Surgical Hospitals","Healthcare provider","2014",1155
1005,31.23266,-82.35342,"Waycross","GA","31501","622110","General Medical and Surgical Hospitals","Healthcare provider","2015",1176
1005,31.23266,-82.35342,"Waycross","GA","31501","622110","General Medical and Surgical Hospitals","Healthcare provider","2016",1193
1005,31.23266,-82.35342,"Waycross","GA","31501","622110","General Medical and Surgical Hospitals","Healthcare provider","2017",1208
1006,31.60475,-84.17056,"Albany","GA","31701","622110","General Medical and Surgical Hospitals","Healthcare provider","2013",1112
1006,31.60475,-84.17056,"Albany","GA","31701","622110","General Medical and Surgical Hospitals","Healthcare provider","2014",1105
1006,31.60475,-84.17056,"Albany","GA","31701","622110","General Medical and Surgical Hospitals","Healthcare provider","2015",1110
1006,31.60475,-84.17056,"Albany","GA","31701","622110","General Medical and Surgical Hospitals","Healthcare provider","2016",1132
1006,31.60475,-84.17056,"Albany","GA","31701","622110","General Medical and Surgical Hospitals","Healthcare provider","2017",1160
1007,27.91491,-82.80271,"Largo","FL","33770","622110","General Medical and Surgical Hospitals","Healthcare provider","2013",1144
1007,27.91491,-82.80271,"Largo","FL","33770","622110","General Medical and Surgical Hospitals","Healthcare provider","2014",1149
1007,27.91491,-82.80271,"Largo","FL","33770","622110","General Medical and Surgical Hospitals","Healthcare provider","2016",1178
1007,27.91491,-82.80271,"Largo","FL","33770","622110","General Medical and Surgical Hospitals","Healthcare provider","2015",1163
1007,27.91491,-82.80271,"Largo","FL","33770","622110","General Medical and Surgical Hospitals","Healthcare provider","2017",1199
1008,43.06383,-70.7893,"Portsmouth","NH","03801","622110","General Medical and Surgical Hospitals","Healthcare provider","2013",1165
1008,43.06383,-70.7893,"Portsmouth","NH","03801","622110","General Medical and Surgical Hospitals","Healthcare provider","2014",1152
1008,43.06383,-70.7893,"Portsmouth","NH","03801","622110","General Medical and Surgical Hospitals","Healthcare provider","2015",1168
1008,43.06383,-70.7893,"Portsmouth","NH","03801","622110","General Medical and Surgical Hospitals","Healthcare provider","2016",1187
1008,43.06383,-70.7893,"Portsmouth","NH","03801","622110","General Medical and Surgical Hospitals","Healthcare provider","2017",1194
1009,35.04761,-85.63168,"Jasper","TN","37347","622110","General Medical and Surgical Hospitals","Healthcare provider","2013",1071
1009,35.04761,-85.63168,"Jasper","TN","37347","622110","General Medical and Surgical Hospitals","Healthcare provider","2015",1078
1009,35.04761,-85.63168,"Jasper","TN","37347","622110","General Medical and Surgical Hospitals","Healthcare provider","2016",1120
1009,35.04761,-85.63168,"Jasper","TN","37347","622110","General Medical and Surgical Hospitals","Healthcare provider","2014",1076
1009,35.04761,-85.63168,"Jasper","TN","37347","622110","General Medical and Surgical Hospitals","Healthcare provider","2017",1132
1010,38.2192,-85.55843,"Louisville","KY","40299","622110","General Medical and Surgical Hospitals","Healthcare provider","2013",1156
1010,38.2192,-85.55843,"Louisville","KY","40299","622110","General Medical and Surgical Hospitals","Healthcare provider","2014",1162
1010,38.2192,-85.55843,"Louisville","KY","40299","622110","General Medical and Surgical Hospitals","Healthcare provider","2016",1202
1010,38.2192,-85.55843,"Louisville","KY","40299","622110","General Medical and Surgical Hospitals","Healthcare provider","2015",1187
1010,38.2192,-85.55843,"Louisville","KY","40299","622110","General Medical and Surgical Hospitals","Healthcare provider","2017",1228
1011,30.28849,-81.60229,"Jacksonville","FL","32216","622110","General Medical and Surgical Hospitals","Healthcare provider","2013",1116
1011,30.28849,-81.60229,"Jacksonville","FL","32216","622110","General Medical and Surgical Hospitals","Healthcare provider","2014",1130
1011,30.28849,-81.60229,"Jacksonville","FL","32216","622110","General Medical and Surgical Hospitals","Healthcare provider","2016",1142
1011,30.28849,-81.60229,"Jacksonville","FL","32216","622110","General Medical and Surgical Hospitals","Healthcare provider","2015",1117
1011,30.28849,-81.60229,"Jacksonville","FL","32216","622110","General Medical and Surgical Hospitals","Healthcare provider","2017",1133
1014,37.61609,-77.33765,"Mechanicsville","VA","23111","622110","General Medical and Surgical Hospitals","Healthcare provider","2013",1116
1014,37.61609,-77.33765,"Mechanicsville","VA","23111","622110","General Medical and Surgical Hospitals","Healthcare provider","2014",1125
1014,37.61609,-77.33765,"Mechanicsville","VA","23111","622110","General Medical and Surgical Hospitals","Healthcare provider","2016",1146
1014,37.61609,-77.33765,"Mechanicsville","VA","23111","622110","General Medical and Surgical Hospitals","Healthcare provider","2015",1129
1014,37.61609,-77.33765,"Mechanicsville","VA","23111","622110","General Medical and Surgical Hospitals","Healthcare provider","2017",1183
1015,37.26435,-80.02785,"Salem","VA","24153","622110","General Medical and Surgical Hospitals","Healthcare provider","2013",1113
1015,37.26435,-80.02785,"Salem","VA","24153","622110","General Medical and Surgical Hospitals","Healthcare provider","2014",1105
1015,37.26435,-80.02785,"Salem","VA","24153","622110","General Medical and Surgical Hospitals","Healthcare provider","2015",1102
1015,37.26435,-80.02785,"Salem","VA","24153","622110","General Medical and Surgical Hospitals","Healthcare provider","2016",1102
1015,37.26435,-80.02785,"Salem","VA","24153","622110","General Medical and Surgical Hospitals","Healthcare provider","2017",1094
1018,38.84918,-77.315,"Fairfax","VA","22030","622110","General Medical and Surgical Hospitals","Healthcare provider","2013",1262
1018,38.84918,-77.315,"Fairfax","VA","22030","622110","General Medical and Surgical Hospitals","Healthcare provider","2014",1254
1018,38.84918,-77.315,"Fairfax","VA","22030","622110","General Medical and Surgical Hospitals","Healthcare provider","2015",1254
1018,38.84918,-77.315,"Fairfax","VA","22030","622110","General Medical and Surgical Hospitals","Healthcare provider","2016",1271
1018,38.84918,-77.315,"Fairfax","VA","22030","622110","General Medical and Surgical Hospitals","Healthcare provider","2017",1323
1019,37.60358,-77.53775,"Richmond","VA","23229","622110","General Medical and Surgical Hospitals","Healthcare provider","2013",1176
1019,37.60358,-77.53775,"Richmond","VA","23229","622110","General Medical and Surgical Hospitals","Healthcare provider","2014",1198
1019,37.60358,-77.53775,"Richmond","VA","23229","622110","General Medical and Surgical Hospitals","Healthcare provider","2015",1198
1019,37.60358,-77.53775,"Richmond","VA","23229","622110","General Medical and Surgical Hospitals","Healthcare provider","2016",1201
1019,37.60358,-77.53775,"Richmond","VA","23229","622110","General Medical and Surgical Hospitals","Healthcare provider","2017",1219
1020,37.4836,-77.56666,"Richmond","VA","23236","622110","General Medical and Surgical Hospitals","Healthcare provider","2013",1085
1020,37.4836,-77.56666,"Richmond","VA","23236","622110","General Medical and Surgical Hospitals","Healthcare provider","2014",1092
1020,37.4836,-77.56666,"Richmond","VA","23236","622110","General Medical and Surgical Hospitals","Healthcare provider","2016",1114
1020,37.4836,-77.56666,"Richmond","VA","23236","622110","General Medical and Surgical Hospitals","Healthcare provider","2015",1099
1020,37.4836,-77.56666,"Richmond","VA","23236","622110","General Medical and Surgical Hospitals","Healthcare provider","2017",1149
1021,37.63026,-77.52591,"Richmond","VA","23294","622110","General Medical and Surgical Hospitals","Healthcare provider","2013",1166
1021,37.63026,-77.52591,"Richmond","VA","23294","622110","General Medical and Surgical Hospitals","Healthcare provider","2014",1195
1021,37.63026,-77.52591,"Richmond","VA","23294","622110","General Medical and Surgical Hospitals","Healthcare provider","2016",1211
1021,37.63026,-77.52591,"Richmond","VA","23294","622110","General Medical and Surgical Hospitals","Healthcare provider","2015",1204
1021,37.63026,-77.52591,"Richmond","VA","23294","622110","General Medical and Surgical Hospitals","Healthcare provider","2017",1243
1022,33.96339,-84.22536,"Norcross","GA","30092","622110","General Medical and Surgical Hospitals","Healthcare provider","2013",1268
1022,33.96339,-84.22536,"Norcross","GA","30092","622110","General Medical and Surgical Hospitals","Healthcare provider","2014",1287
1022,33.96339,-84.22536,"Norcross","GA","30092","622110","General Medical and Surgical Hospitals","Healthcare provider","2015",1290
1022,33.96339,-84.22536,"Norcross","GA","30092","622110","General Medical and Surgical Hospitals","Healthcare provider","2016",1280
1022,33.96339,-84.22536,"Norcross","GA","30092","622110","General Medical and Surgical Hospitals","Healthcare provider","2017",1314
1023,31.2209,-82.3502,"Waycross","GA","31501","622110","General Medical and Surgical Hospitals","Healthcare provider","2013",1168
1023,31.2209,-82.3502,"Waycross","GA","31501","622110","General Medical and Surgical Hospitals","Healthcare provider","2014",1155
1023,31.2209,-82.3502,"Waycross","GA","31501","622110","General Medical and Surgical Hospitals","Healthcare provider","2015",1176
1023,31.2209,-82.3502,"Waycross","GA","31501","622110","General Medical and Surgical Hospitals","Healthcare provider","2016",1193
1023,31.2209,-82.3502,"Waycross","GA","31501","622110","General Medical and Surgical Hospitals","Healthcare provider","2017",1208
1024,31.31146,-82.24065,"Blackshear","GA","31516","622110","General Medical and Surgical Hospitals","Healthcare provider","2017",1183
1024,31.31146,-82.24065,"Blackshear","GA","31516","622110","General Medical and Surgical Hospitals","Healthcare provider","2013",1193
1024,31.31146,-82.24065,"Blackshear","GA","31516","622110","General Medical and Surgical Hospitals","Healthcare provider","2014",1190
1024,31.31146,-82.24065,"Blackshear","GA","31516","622110","General Medical and Surgical Hospitals","Healthcare provider","2015",1191
1024,31.31146,-82.24065,"Blackshear","GA","31516","622110","General Medical and Surgical Hospitals","Healthcare provider","2016",1183
1025,32.78948,-96.78838,"Dallas","TX","75204","622110","General Medical and Surgical Hospitals","Healthcare provider","2013",4107
1025,32.78948,-96.78838,"Dallas","TX","75204","622110","General Medical and Surgical Hospitals","Healthcare provider","2014",4416
1025,32.78948,-96.78838,"Dallas","TX","75204","622110","General Medical and Surgical Hospitals","Healthcare provider","2015",5147
1025,32.78948,-96.78838,"Dallas","TX","75204","622110","General Medical and Surgical Hospitals","Healthcare provider","2016",5028
1025,32.78948,-96.78838,"Dallas","TX","75204","622110","General Medical and Surgical Hospitals","Healthcare provider","2017",5143
1026,32.71484,-96.85715,"Dallas","TX","75224","622110","General Medical and Surgical Hospitals","Healthcare provider","2013",1056
1026,32.71484,-96.85715,"Dallas","TX","75224","622110","General Medical and Surgical Hospitals","Healthcare provider","2016",1073
1026,32.71484,-96.85715,"Dallas","TX","75224","622110","General Medical and Surgical Hospitals","Healthcare provider","2014",1059
1026,32.71484,-96.85715,"Dallas","TX","75224","622110","General Medical and Surgical Hospitals","Healthcare provider","2017",1087
1026,32.71484,-96.85715,"Dallas","TX","75224","622110","General Medical and Surgical Hospitals","Healthcare provider","2015",1061
1027,29.55131,-98.34851,"Live Oak","TX","78233","622110","General Medical and Surgical Hospitals","Healthcare provider","2013",1074
1027,29.55131,-98.34851,"Live Oak","TX","78233","622110","General Medical and Surgical Hospitals","Healthcare provider","2014",1069
1027,29.55131,-98.34851,"Live Oak","TX","78233","622110","General Medical and Surgical Hospitals","Healthcare provider","2015",1079
1027,29.55131,-98.34851,"Live Oak","TX","78233","622110","General Medical and Surgical Hospitals","Healthcare provider","2016",1087
1027,29.55131,-98.34851,"Live Oak","TX","78233","622110","General Medical and Surgical Hospitals","Healthcare provider","2017",1097
1028,27.69208,-97.34669,"Corpus Christi","TX","78412","622110","General Medical and Surgical Hospitals","Healthcare provider","2013",1171
1028,27.69208,-97.34669,"Corpus Christi","TX","78412","622110","General Medical and Surgical Hospitals","Healthcare provider","2014",1172
1028,27.69208,-97.34669,"Corpus Christi","TX","78412","622110","General Medical and Surgical Hospitals","Healthcare provider","2015",1191
1028,27.69208,-97.34669,"Corpus Christi","TX","78412","622110","General Medical and Surgical Hospitals","Healthcare provider","2016",1213
1028,27.69208,-97.34669,"Corpus Christi","TX","78412","622110","General Medical and Surgical Hospitals","Healthcare provider","2017",1218
1029,26.1859,-98.2241,"McAllen","TX","78503","622110","General Medical and Surgical Hospitals","Healthcare provider","2013",1262
1029,26.1859,-98.2241,"McAllen","TX","78503","622110","General Medical and Surgical Hospitals","Healthcare provider","2015",1272
1029,26.1859,-98.2241,"McAllen","TX","78503","622110","General Medical and Surgical Hospitals","Healthcare provider","2016",1287
1029,26.1859,-98.2241,"McAllen","TX","78503","622110","General Medical and Surgical Hospitals","Healthcare provider","2014",1261
1029,26.1859,-98.2241,"McAllen","TX","78503","622110","General Medical and Surgical Hospitals","Healthcare provider","2017",1309
1030,26.18539,-98.2205,"McAllen","TX","78503","622110","General Medical and Surgical Hospitals","Healthcare provider","2013",1274
1030,26.18539,-98.2205,"McAllen","TX","78503","622110","General Medical and Surgical Hospitals","Healthcare provider","2015",1284
1030,26.18539,-98.2205,"McAllen","TX","78503","622110","General Medical and Surgical Hospitals","Healthcare provider","2016",1296
1030,26.18539,-98.2205,"McAllen","TX","78503","622110","General Medical and Surgical Hospitals","Healthcare provider","2014",1272
1030,26.18539,-98.2205,"McAllen","TX","78503","622110","General Medical and Surgical Hospitals","Healthcare provider","2017",1318
1031,44.81189,-91.51343,"Eau Claire","WI","54703","622110","General Medical and Surgical Hospitals","Healthcare provider","2013",1166
1031,44.81189,-91.51343,"Eau Claire","WI","54703","622110","General Medical and Surgical Hospitals","Healthcare provider","2014",1192
1031,44.81189,-91.51343,"Eau Claire","WI","54703","622110","General Medical and Surgical Hospitals","Healthcare provider","2015",1207
1031,44.81189,-91.51343,"Eau Claire","WI","54703","622110","General Medical and Surgical Hospitals","Healthcare provider","2016",1241
1031,44.81189,-91.51343,"Eau Claire","WI","54703","622110","General Medical and Surgical Hospitals","Healthcare provider","2017",1240
1032,44.8144,-91.5115,"Eau Claire","WI","54703","622110","General Medical and Surgical Hospitals","Healthcare provider","2013",1166
1032,44.8144,-91.5115,"Eau Claire","WI","54703","622110","General Medical and Surgical Hospitals","Healthcare provider","2014",1192
1032,44.8144,-91.5115,"Eau Claire","WI","54703","622110","General Medical and Surgical Hospitals","Healthcare provider","2015",1207
1032,44.8144,-91.5115,"Eau Claire","WI","54703","622110","General Medical and Surgical Hospitals","Healthcare provider","2016",1241
1032,44.8144,-91.5115,"Eau Claire","WI","54703","622110","General Medical and Surgical Hospitals","Healthcare provider","2017",1232
1033,44.56039,-92.57514,"Red Wing","MN","55066","622110","General Medical and Surgical Hospitals","Healthcare provider","2016",1144
1033,44.56039,-92.57514,"Red Wing","MN","55066","622110","General Medical and Surgical Hospitals","Healthcare provider","2014",1528
1033,44.56039,-92.57514,"Red Wing","MN","55066","622110","General Medical and Surgical Hospitals","Healthcare provider","2015",1150
1033,44.56039,-92.57514,"Red Wing","MN","55066","622110","General Medical and Surgical Hospitals","Healthcare provider","2013",1763
1033,44.56039,-92.57514,"Red Wing","MN","55066","622110","General Medical and Surgical Hospitals","Healthcare provider","2017",1141
1034,44.95052,-93.26018,"Minneapolis","MN","55407","622110","General Medical and Surgical Hospitals","Healthcare provider","2013",5567
1034,44.95052,-93.26018,"Minneapolis","MN","55407","622110","General Medical and Surgical Hospitals","Healthcare provider","2014",7556
1034,44.95052,-93.26018,"Minneapolis","MN","55407","622110","General Medical and Surgical Hospitals","Healthcare provider","2016",5233
1034,44.95052,-93.26018,"Minneapolis","MN","55407","622110","General Medical and Surgical Hospitals","Healthcare provider","2015",4878
1034,44.95052,-93.26018,"Minneapolis","MN","55407","622110","General Medical and Surgical Hospitals","Healthcare provider","2017",5312
1035,44.94831,-93.29485,"Minneapolis","MN","55408","622110","General Medical and Surgical Hospitals","Healthcare provider","2013",5719
1035,44.94831,-93.29485,"Minneapolis","MN","55408","622110","General Medical and Surgical Hospitals","Healthcare provider","2014",7777
1035,44.94831,-93.29485,"Minneapolis","MN","55408","622110","General Medical and Surgical Hospitals","Healthcare provider","2016",5241
1035,44.94831,-93.29485,"Minneapolis","MN","55408","622110","General Medical and Surgical Hospitals","Healthcare provider","2015",4941
1035,44.94831,-93.29485,"Minneapolis","MN","55408","622110","General Medical and Surgical Hospitals","Healthcare provider","2017",5321
1036,44.02161,-92.48116,"Rochester","MN","55902","622110","General Medical and Surgical Hospitals","Healthcare provider","2013",1208
1036,44.02161,-92.48116,"Rochester","MN","55902","622110","General Medical and Surgical Hospitals","Healthcare provider","2014",1214
1036,44.02161,-92.48116,"Rochester","MN","55902","622110","General Medical and Surgical Hospitals","Healthcare provider","2015",1213
1036,44.02161,-92.48116,"Rochester","MN","55902","622110","General Medical and Surgical Hospitals","Healthcare provider","2016",1212
1036,44.02161,-92.48116,"Rochester","MN","55902","622110","General Medical and Surgical Hospitals","Healthcare provider","2017",1199
1037,44.02143,-92.46458,"Rochester","MN","55902","622110","General Medical and Surgical Hospitals","Healthcare provider","2013",1220
1037,44.02143,-92.46458,"Rochester","MN","55902","622110","General Medical and Surgical Hospitals","Healthcare provider","2014",1228
1037,44.02143,-92.46458,"Rochester","MN","55902","622110","General Medical and Surgical Hospitals","Healthcare provider","2015",1226
1037,44.02143,-92.46458,"Rochester","MN","55902","622110","General Medical and Surgical Hospitals","Healthcare provider","2016",1244
1037,44.02143,-92.46458,"Rochester","MN","55902","622110","General Medical and Surgical Hospitals","Healthcare provider","2017",1232
1038,44.0225,-92.46564,"Rochester","MN","55905","622110","General Medical and Surgical Hospitals","Healthcare provider","2013",1220
1038,44.0225,-92.46564,"Rochester","MN","55905","622110","General Medical and Surgical Hospitals","Healthcare provider","2014",1228
1038,44.0225,-92.46564,"Rochester","MN","55905","622110","General Medical and Surgical Hospitals","Healthcare provider","2015",1226
1038,44.0225,-92.46564,"Rochester","MN","55905","622110","General Medical and Surgical Hospitals","Healthcare provider","2016",1244
1038,44.0225,-92.46564,"Rochester","MN","55905","622110","General Medical and Surgical Hospitals","Healthcare provider","2017",1232
1040,30.41208,-91.09614,"Baton Rouge","LA","70809","622110","General Medical and Surgical Hospitals","Healthcare provider","2013",1185
1040,30.41208,-91.09614,"Baton Rouge","LA","70809","622110","General Medical and Surgical Hospitals","Healthcare provider","2014",1218
1040,30.41208,-91.09614,"Baton Rouge","LA","70809","622110","General Medical and Surgical Hospitals","Healthcare provider","2016",1231
1040,30.41208,-91.09614,"Baton Rouge","LA","70809","622110","General Medical and Surgical Hospitals","Healthcare provider","2015",1226
1040,30.41208,-91.09614,"Baton Rouge","LA","70809","622110","General Medical and Surgical Hospitals","Healthcare provider","2017",1224
1041,42.25372,-87.86314,"Lake Forest","IL","60045","622110","General Medical and Surgical Hospitals","Healthcare provider","2013",1558
1041,42.25372,-87.86314,"Lake Forest","IL","60045","622110","General Medical and Surgical Hospitals","Healthcare provider","2014",1635
1041,42.25372,-87.86314,"Lake Forest","IL","60045","622110","General Medical and Surgical Hospitals","Healthcare provider","2015",1763
1041,42.25372,-87.86314,"Lake Forest","IL","60045","622110","General Medical and Surgical Hospitals","Healthcare provider","2016",1964
1041,42.25372,-87.86314,"Lake Forest","IL","60045","622110","General Medical and Surgical Hospitals","Healthcare provider","2017",2065
1042,42.03971,-87.84843,"Park Ridge","IL","60068","622110","General Medical and Surgical Hospitals","Healthcare provider","2013",1276
1042,42.03971,-87.84843,"Park Ridge","IL","60068","622110","General Medical and Surgical Hospitals","Healthcare provider","2014",1318
1042,42.03971,-87.84843,"Park Ridge","IL","60068","622110","General Medical and Surgical Hospitals","Healthcare provider","2015",1316
1042,42.03971,-87.84843,"Park Ridge","IL","60068","622110","General Medical and Surgical Hospitals","Healthcare provider","2016",1323
1042,42.03971,-87.84843,"Park Ridge","IL","60068","622110","General Medical and Surgical Hospitals","Healthcare provider","2017",1296
1043,41.98515,-88.346,"South Elgin","IL","60177","622110","General Medical and Surgical Hospitals","Healthcare provider","2013",1128
1043,41.98515,-88.346,"South Elgin","IL","60177","622110","General Medical and Surgical Hospitals","Healthcare provider","2014",1160
1043,41.98515,-88.346,"South Elgin","IL","60177","622110","General Medical and Surgical Hospitals","Healthcare provider","2015",1160
1043,41.98515,-88.346,"South Elgin","IL","60177","622110","General Medical and Surgical Hospitals","Healthcare provider","2016",1183
1043,41.98515,-88.346,"South Elgin","IL","60177","622110","General Medical and Surgical Hospitals","Healthcare provider","2017",1183
1044,41.5978,-87.5529,"Calumet City","IL","60409","622110","General Medical and Surgical Hospitals","Healthcare provider","2013",1132
1044,41.5978,-87.5529,"Calumet City","IL","60409","622110","General Medical and Surgical Hospitals","Healthcare provider","2014",1178
1044,41.5978,-87.5529,"Calumet City","IL","60409","622110","General Medical and Surgical Hospitals","Healthcare provider","2015",1284
1044,41.5978,-87.5529,"Calumet City","IL","60409","622110","General Medical and Surgical Hospitals","Healthcare provider","2016",1322
1044,41.5978,-87.5529,"Calumet City","IL","60409","622110","General Medical and Surgical Hospitals","Healthcare provider","2017",1322
1045,36.17834,-86.60611,"Hermitage","TN","37076","622110","General Medical and Surgical Hospitals","Healthcare provider","2013",1084
1045,36.17834,-86.60611,"Hermitage","TN","37076","622110","General Medical and Surgical Hospitals","Healthcare provider","2014",1091
1045,36.17834,-86.60611,"Hermitage","TN","37076","622110","General Medical and Surgical Hospitals","Healthcare provider","2016",1097
1045,36.17834,-86.60611,"Hermitage","TN","37076","622110","General Medical and Surgical Hospitals","Healthcare provider","2015",1083
1045,36.17834,-86.60611,"Hermitage","TN","37076","622110","General Medical and Surgical Hospitals","Healthcare provider","2017",1112
1046,35.97676,-86.56254,"Smyrna","TN","37167","622110","General Medical and Surgical Hospitals","Healthcare provider","2013",1052
1046,35.97676,-86.56254,"Smyrna","TN","37167","622110","General Medical and Surgical Hospitals","Healthcare provider","2014",1060
1046,35.97676,-86.56254,"Smyrna","TN","37167","622110","General Medical and Surgical Hospitals","Healthcare provider","2016",1086
1046,35.97676,-86.56254,"Smyrna","TN","37167","622110","General Medical and Surgical Hospitals","Healthcare provider","2017",1104
1046,35.97676,-86.56254,"Smyrna","TN","37167","622110","General Medical and Surgical Hospitals","Healthcare provider","2015",1067
1047,36.15284,-86.8143,"Nashville","TN","37203","622110","General Medical and Surgical Hospitals","Healthcare provider","2013",1781
1047,36.15284,-86.8143,"Nashville","TN","37203","622110","General Medical and Surgical Hospitals","Healthcare provider","2014",1867
1047,36.15284,-86.8143,"Nashville","TN","37203","622110","General Medical and Surgical Hospitals","Healthcare provider","2015",1953
1047,36.15284,-86.8143,"Nashville","TN","37203","622110","General Medical and Surgical Hospitals","Healthcare provider","2016",1981
1047,36.15284,-86.8143,"Nashville","TN","37203","622110","General Medical and Surgical Hospitals","Healthcare provider","2017",2129
1048,29.95535,-90.07665,"New Orleans","LA","70112","622110","General Medical and Surgical Hospitals","Healthcare provider","2013",1774
1048,29.95535,-90.07665,"New Orleans","LA","70112","622110","General Medical and Surgical Hospitals","Healthcare provider","2014",1749
1048,29.95535,-90.07665,"New Orleans","LA","70112","622110","General Medical and Surgical Hospitals","Healthcare provider","2015",1663
1048,29.95535,-90.07665,"New Orleans","LA","70112","622110","General Medical and Surgical Hospitals","Healthcare provider","2016",1732
1048,29.95535,-90.07665,"New Orleans","LA","70112","622110","General Medical and Surgical Hospitals","Healthcare provider","2017",1729
1049,30.45992,-90.11111,"Covington","LA","70433","622110","General Medical and Surgical Hospitals","Healthcare provider","2013",1093
1049,30.45992,-90.11111,"Covington","LA","70433","622110","General Medical and Surgical Hospitals","Healthcare provider","2014",1124
1049,30.45992,-90.11111,"Covington","LA","70433","622110","General Medical and Surgical Hospitals","Healthcare provider","2015",1130
1049,30.45992,-90.11111,"Covington","LA","70433","622110","General Medical and Surgical Hospitals","Healthcare provider","2016",1183
1049,30.45992,-90.11111,"Covington","LA","70433","622110","General Medical and Surgical Hospitals","Healthcare provider","2017",1213
1050,35.03372,-85.2687,"Chattanooga","TN","37404","622110","General Medical and Surgical Hospitals","Healthcare provider","2013",1410
1050,35.03372,-85.2687,"Chattanooga","TN","37404","622110","General Medical and Surgical Hospitals","Healthcare provider","2014",1426
1050,35.03372,-85.2687,"Chattanooga","TN","37404","622110","General Medical and Surgical Hospitals","Healthcare provider","2015",1487
1050,35.03372,-85.2687,"Chattanooga","TN","37404","622110","General Medical and Surgical Hospitals","Healthcare provider","2016",1505
1050,35.03372,-85.2687,"Chattanooga","TN","37404","622110","General Medical and Surgical Hospitals","Healthcare provider","2017",1527
1051,36.38599,-85.32784,"Livingston","TN","38570","622110","General Medical and Surgical Hospitals","Healthcare provider","2013",1206
1051,36.38599,-85.32784,"Livingston","TN","38570","622110","General Medical and Surgical Hospitals","Healthcare provider","2014",1205
1051,36.38599,-85.32784,"Livingston","TN","38570","622110","General Medical and Surgical Hospitals","Healthcare provider","2015",1213
1051,36.38599,-85.32784,"Livingston","TN","38570","622110","General Medical and Surgical Hospitals","Healthcare provider","2016",1217
1051,36.38599,-85.32784,"Livingston","TN","38570","622110","General Medical and Surgical Hospitals","Healthcare provider","2017",1224
1053,32.53593,-84.95476,"Columbus","GA","31909","622110","General Medical and Surgical Hospitals","Healthcare provider","2013",1143
1053,32.53593,-84.95476,"Columbus","GA","31909","622110","General Medical and Surgical Hospitals","Healthcare provider","2014",1145
1053,32.53593,-84.95476,"Columbus","GA","31909","622110","General Medical and Surgical Hospitals","Healthcare provider","2015",1136
1053,32.53593,-84.95476,"Columbus","GA","31909","622110","General Medical and Surgical Hospitals","Healthcare provider","2016",1152
1053,32.53593,-84.95476,"Columbus","GA","31909","622110","General Medical and Surgical Hospitals","Healthcare provider","2017",1166
1059,35.8948,-78.65988,"Raleigh","NC","27615","622110","General Medical and Surgical Hospitals","Healthcare provider","2013",1147
1059,35.8948,-78.65988,"Raleigh","NC","27615","622110","General Medical and Surgical Hospitals","Healthcare provider","2014",1146
1059,35.8948,-78.65988,"Raleigh","NC","27615","622110","General Medical and Surgical Hospitals","Healthcare provider","2016",1179
1059,35.8948,-78.65988,"Raleigh","NC","27615","622110","General Medical and Surgical Hospitals","Healthcare provider","2015",1165
1059,35.8948,-78.65988,"Raleigh","NC","27615","622110","General Medical and Surgical Hospitals","Healthcare provider","2017",1210
1060,34.00677,-81.75848,"Saluda","SC","29138","622110","General Medical and Surgical Hospitals","Healthcare provider","2014",1110
1060,34.00677,-81.75848,"Saluda","SC","29138","622110","General Medical and Surgical Hospitals","Healthcare provider","2013",1110
1060,34.00677,-81.75848,"Saluda","SC","29138","622110","General Medical and Surgical Hospitals","Healthcare provider","2016",1109
1060,34.00677,-81.75848,"Saluda","SC","29138","622110","General Medical and Surgical Hospitals","Healthcare provider","2015",1108
1060,34.00677,-81.75848,"Saluda","SC","29138","622110","General Medical and Surgical Hospitals","Healthcare provider","2017",1114
1061,32.96479,-80.15924,"Summerville","SC","29485","622110","General Medical and Surgical Hospitals","Healthcare provider","2013",1078
1061,32.96479,-80.15924,"Summerville","SC","29485","622110","General Medical and Surgical Hospitals","Healthcare provider","2014",1080
1061,32.96479,-80.15924,"Summerville","SC","29485","622110","General Medical and Surgical Hospitals","Healthcare provider","2015",1097
1061,32.96479,-80.15924,"Summerville","SC","29485","622110","General Medical and Surgical Hospitals","Healthcare provider","2016",1109
1061,32.96479,-80.15924,"Summerville","SC","29485","622110","General Medical and Surgical Hospitals","Healthcare provider","2017",1117
1062,32.92187,-80.67068,"Walterboro","SC","29488","622110","General Medical and Surgical Hospitals","Healthcare provider","2013",1077
1062,32.92187,-80.67068,"Walterboro","SC","29488","622110","General Medical and Surgical Hospitals","Healthcare provider","2014",1075
1062,32.92187,-80.67068,"Walterboro","SC","29488","622110","General Medical and Surgical Hospitals","Healthcare provider","2015",1092
1062,32.92187,-80.67068,"Walterboro","SC","29488","622110","General Medical and Surgical Hospitals","Healthcare provider","2016",1099
1062,32.92187,-80.67068,"Walterboro","SC","29488","622110","General Medical and Surgical Hospitals","Healthcare provider","2017",1104
1066,32.32682,-90.16975,"Jackson","MS","39216","622110","General Medical and Surgical Hospitals","Healthcare provider","2013",1392
1066,32.32682,-90.16975,"Jackson","MS","39216","622110","General Medical and Surgical Hospitals","Healthcare provider","2014",1374
1066,32.32682,-90.16975,"Jackson","MS","39216","622110","General Medical and Surgical Hospitals","Healthcare provider","2015",1416
1066,32.32682,-90.16975,"Jackson","MS","39216","622110","General Medical and Surgical Hospitals","Healthcare provider","2016",1381
1066,32.32682,-90.16975,"Jackson","MS","39216","622110","General Medical and Surgical Hospitals","Healthcare provider","2017",1405
1073,32.37685,-86.17217,"Montgomery","AL","36117","622110","General Medical and Surgical Hospitals","Healthcare provider","2013",1156
1073,32.37685,-86.17217,"Montgomery","AL","36117","622110","General Medical and Surgical Hospitals","Healthcare provider","2014",1152
1073,32.37685,-86.17217,"Montgomery","AL","36117","622110","General Medical and Surgical Hospitals","Healthcare provider","2015",1145
1073,32.37685,-86.17217,"Montgomery","AL","36117","622110","General Medical and Surgical Hospitals","Healthcare provider","2016",1145
1073,32.37685,-86.17217,"Montgomery","AL","36117","622110","General Medical and Surgical Hospitals","Healthcare provider","2017",1161
1078,39.00759,-94.57491,"Kansas City","MO","64131","622110","General Medical and Surgical Hospitals","Healthcare provider","2013",1218
1078,39.00759,-94.57491,"Kansas City","MO","64131","622110","General Medical and Surgical Hospitals","Healthcare provider","2014",1235
1078,39.00759,-94.57491,"Kansas City","MO","64131","622110","General Medical and Surgical Hospitals","Healthcare provider","2015",1210
1078,39.00759,-94.57491,"Kansas City","MO","64131","622110","General Medical and Surgical Hospitals","Healthcare provider","2016",1209
1078,39.00759,-94.57491,"Kansas City","MO","64131","622110","General Medical and Surgical Hospitals","Healthcare provider","2017",1210
1079,37.9322,-95.3907,"Iola","KS","66749","622110","General Medical and Surgical Hospitals","Healthcare provider","2013",1092
1079,37.9322,-95.3907,"Iola","KS","66749","622110","General Medical and Surgical Hospitals","Healthcare provider","2014",1087
1079,37.9322,-95.3907,"Iola","KS","66749","622110","General Medical and Surgical Hospitals","Healthcare provider","2015",1088
1079,37.9322,-95.3907,"Iola","KS","66749","622110","General Medical and Surgical Hospitals","Healthcare provider","2016",1089
1079,37.9322,-95.3907,"Iola","KS","66749","622110","General Medical and Surgical Hospitals","Healthcare provider","2017",1093
1080,43.80451,-91.23958,"La Crosse","WI","54601","622110","General Medical and Surgical Hospitals","Healthcare provider","2013",1283
1080,43.80451,-91.23958,"La Crosse","WI","54601","622110","General Medical and Surgical Hospitals","Healthcare provider","2014",1290
1080,43.80451,-91.23958,"La Crosse","WI","54601","622110","General Medical and Surgical Hospitals","Healthcare provider","2015",1298
1080,43.80451,-91.23958,"La Crosse","WI","54601","622110","General Medical and Surgical Hospitals","Healthcare provider","2016",1347
1080,43.80451,-91.23958,"La Crosse","WI","54601","622110","General Medical and Surgical Hospitals","Healthcare provider","2017",1433
1082,31.14309,-92.06437,"Marksville","LA","71351","622110","General Medical and Surgical Hospitals","Healthcare provider","2015",1137
1082,31.14309,-92.06437,"Marksville","LA","71351","622110","General Medical and Surgical Hospitals","Healthcare provider","2014",1129
1082,31.14309,-92.06437,"Marksville","LA","71351","622110","General Medical and Surgical Hospitals","Healthcare provider","2013",1139
1082,31.14309,-92.06437,"Marksville","LA","71351","622110","General Medical and Surgical Hospitals","Healthcare provider","2017",1138
1082,31.14309,-92.06437,"Marksville","LA","71351","622110","General Medical and Surgical Hospitals","Healthcare provider","2016",1132
1083,35.48225,-97.49535,"Oklahoma City","OK","73104","622110","General Medical and Surgical Hospitals","Healthcare provider","2013",1722
1083,35.48225,-97.49535,"Oklahoma City","OK","73104","622110","General Medical and Surgical Hospitals","Healthcare provider","2014",1799
1083,35.48225,-97.49535,"Oklahoma City","OK","73104","622110","General Medical and Surgical Hospitals","Healthcare provider","2015",1992
1083,35.48225,-97.49535,"Oklahoma City","OK","73104","622110","General Medical and Surgical Hospitals","Healthcare provider","2016",2059
1083,35.48225,-97.49535,"Oklahoma City","OK","73104","622110","General Medical and Surgical Hospitals","Healthcare provider","2017",1805
1084,35.42063,-97.6557,"Oklahoma City","OK","73179","622110","General Medical and Surgical Hospitals","Healthcare provider","2014",1023
1084,35.42063,-97.6557,"Oklahoma City","OK","73179","622110","General Medical and Surgical Hospitals","Healthcare provider","2015",1026
1084,35.42063,-97.6557,"Oklahoma City","OK","73179","622110","General Medical and Surgical Hospitals","Healthcare provider","2013",1000
1084,35.42063,-97.6557,"Oklahoma City","OK","73179","622110","General Medical and Surgical Hospitals","Healthcare provider","2016",1038
1084,35.42063,-97.6557,"Oklahoma City","OK","73179","622110","General Medical and Surgical Hospitals","Healthcare provider","2017",1044
1085,42.04662,-87.85909,"Des Plaines","IL","60016","622110","General Medical and Surgical Hospitals","Healthcare provider","2013",1263
1085,42.04662,-87.85909,"Des Plaines","IL","60016","622110","General Medical and Surgical Hospitals","Healthcare provider","2014",1304
1085,42.04662,-87.85909,"Des Plaines","IL","60016","622110","General Medical and Surgical Hospitals","Healthcare provider","2015",1309
1085,42.04662,-87.85909,"Des Plaines","IL","60016","622110","General Medical and Surgical Hospitals","Healthcare provider","2016",1324
1085,42.04662,-87.85909,"Des Plaines","IL","60016","622110","General Medical and Surgical Hospitals","Healthcare provider","2017",1294
1086,41.56706,-87.69445,"Hazel Crest","IL","60429","622110","General Medical and Surgical Hospitals","Healthcare provider","2013",1083
1086,41.56706,-87.69445,"Hazel Crest","IL","60429","622110","General Medical and Surgical Hospitals","Healthcare provider","2014",1088
1086,41.56706,-87.69445,"Hazel Crest","IL","60429","622110","General Medical and Surgical Hospitals","Healthcare provider","2015",1093
1086,41.56706,-87.69445,"Hazel Crest","IL","60429","622110","General Medical and Surgical Hospitals","Healthcare provider","2016",1098
1086,41.56706,-87.69445,"Hazel Crest","IL","60429","622110","General Medical and Surgical Hospitals","Healthcare provider","2017",1113
1097,39.59485,-104.8226,"Englewood","CO","80112","622110","General Medical and Surgical Hospitals","Healthcare provider","2013",1336
1097,39.59485,-104.8226,"Englewood","CO","80112","622110","General Medical and Surgical Hospitals","Healthcare provider","2014",1362
1097,39.59485,-104.8226,"Englewood","CO","80112","622110","General Medical and Surgical Hospitals","Healthcare provider","2015",1395
1097,39.59485,-104.8226,"Englewood","CO","80112","622110","General Medical and Surgical Hospitals","Healthcare provider","2016",1436
1097,39.59485,-104.8226,"Englewood","CO","80112","622110","General Medical and Surgical Hospitals","Healthcare provider","2017",1443
1098,39.74612,-104.9666,"Denver","CO","80218","622110","General Medical and Surgical Hospitals","Healthcare provider","2013",1830
1098,39.74612,-104.9666,"Denver","CO","80218","622110","General Medical and Surgical Hospitals","Healthcare provider","2014",1830
1098,39.74612,-104.9666,"Denver","CO","80218","622110","General Medical and Surgical Hospitals","Healthcare provider","2015",1928
1098,39.74612,-104.9666,"Denver","CO","80218","622110","General Medical and Surgical Hospitals","Healthcare provider","2016",2057
1098,39.74612,-104.9666,"Denver","CO","80218","622110","General Medical and Surgical Hospitals","Healthcare provider","2017",2116
1099,33.66069,-111.9512,"Phoenix","AZ","85054","622110","General Medical and Surgical Hospitals","Healthcare provider","2013",1149
1099,33.66069,-111.9512,"Phoenix","AZ","85054","622110","General Medical and Surgical Hospitals","Healthcare provider","2014",1189
1099,33.66069,-111.9512,"Phoenix","AZ","85054","622110","General Medical and Surgical Hospitals","Healthcare provider","2016",1236
1099,33.66069,-111.9512,"Phoenix","AZ","85054","622110","General Medical and Surgical Hospitals","Healthcare provider","2017",1288
1099,33.66069,-111.9512,"Phoenix","AZ","85054","622110","General Medical and Surgical Hospitals","Healthcare provider","2015",1208
1100,42.87597,-71.31761,"Derry","NH","03038","622110","General Medical and Surgical Hospitals","Healthcare provider","2016",1204
1100,42.87597,-71.31761,"Derry","NH","03038","622110","General Medical and Surgical Hospitals","Healthcare provider","2015",1192
1100,42.87597,-71.31761,"Derry","NH","03038","622110","General Medical and Surgical Hospitals","Healthcare provider","2013",1140
1100,42.87597,-71.31761,"Derry","NH","03038","622110","General Medical and Surgical Hospitals","Healthcare provider","2014",1166
1100,42.87597,-71.31761,"Derry","NH","03038","622110","General Medical and Surgical Hospitals","Healthcare provider","2017",1243
1101,43.07419,-70.80676,"Portsmouth","NH","03801","622110","General Medical and Surgical Hospitals","Healthcare provider","2013",1169
1101,43.07419,-70.80676,"Portsmouth","NH","03801","622110","General Medical and Surgical Hospitals","Healthcare provider","2014",1155
1101,43.07419,-70.80676,"Portsmouth","NH","03801","622110","General Medical and Surgical Hospitals","Healthcare provider","2015",1171
1101,43.07419,-70.80676,"Portsmouth","NH","03801","622110","General Medical and Surgical Hospitals","Healthcare provider","2016",1191
1101,43.07419,-70.80676,"Portsmouth","NH","03801","622110","General Medical and Surgical Hospitals","Healthcare provider","2017",1198
1104,38.35321,-81.63302,"Charleston","WV","25301","622110","General Medical and Surgical Hospitals","Healthcare provider","2013",1354
1104,38.35321,-81.63302,"Charleston","WV","25301","622110","General Medical and Surgical Hospitals","Healthcare provider","2014",1348
1104,38.35321,-81.63302,"Charleston","WV","25301","622110","General Medical and Surgical Hospitals","Healthcare provider","2015",1359
1104,38.35321,-81.63302,"Charleston","WV","25301","622110","General Medical and Surgical Hospitals","Healthcare provider","2016",1350
1104,38.35321,-81.63302,"Charleston","WV","25301","622110","General Medical and Surgical Hospitals","Healthcare provider","2017",1450
1108,40.62446,-111.8572,"Midvale","UT","84047","622110","General Medical and Surgical Hospitals","Healthcare provider","2013",6269
1108,40.62446,-111.8572,"Midvale","UT","84047","622110","General Medical and Surgical Hospitals","Healthcare provider","2014",7071
1108,40.62446,-111.8572,"Midvale","UT","84047","622110","General Medical and Surgical Hospitals","Healthcare provider","2015",7834
1108,40.62446,-111.8572,"Midvale","UT","84047","622110","General Medical and Surgical Hospitals","Healthcare provider","2016",7724
1108,40.62446,-111.8572,"Midvale","UT","84047","622110","General Medical and Surgical Hospitals","Healthcare provider","2017",8598
1111,32.33536,-90.85603,"Vicksburg","MS","39180","622110","General Medical and Surgical Hospitals","Healthcare provider","2013",1085
1111,32.33536,-90.85603,"Vicksburg","MS","39180","622110","General Medical and Surgical Hospitals","Healthcare provider","2014",1113
1111,32.33536,-90.85603,"Vicksburg","MS","39180","622110","General Medical and Surgical Hospitals","Healthcare provider","2015",1098
1111,32.33536,-90.85603,"Vicksburg","MS","39180","622110","General Medical and Surgical Hospitals","Healthcare provider","2016",1120
1111,32.33536,-90.85603,"Vicksburg","MS","39180","622110","General Medical and Surgical Hospitals","Healthcare provider","2017",1125
1112,36.96601,-86.43269,"Bowling Green","KY","42104","622110","General Medical and Surgical Hospitals","Healthcare provider","2013",1091
1112,36.96601,-86.43269,"Bowling Green","KY","42104","622110","General Medical and Surgical Hospitals","Healthcare provider","2014",1099
1112,36.96601,-86.43269,"Bowling Green","KY","42104","622110","General Medical and Surgical Hospitals","Healthcare provider","2015",1111
1112,36.96601,-86.43269,"Bowling Green","KY","42104","622110","General Medical and Surgical Hospitals","Healthcare provider","2016",1111
1112,36.96601,-86.43269,"Bowling Green","KY","42104","622110","General Medical and Surgical Hospitals","Healthcare provider","2017",1118
1117,43.87984,-91.19918,"Onalaska","WI","54650","622110","General Medical and Surgical Hospitals","Healthcare provider","2013",1072
1117,43.87984,-91.19918,"Onalaska","WI","54650","622110","General Medical and Surgical Hospitals","Healthcare provider","2016",1092
1117,43.87984,-91.19918,"Onalaska","WI","54650","622110","General Medical and Surgical Hospitals","Healthcare provider","2014",1086
1117,43.87984,-91.19918,"Onalaska","WI","54650","622110","General Medical and Surgical Hospitals","Healthcare provider","2015",1087
1117,43.87984,-91.19918,"Onalaska","WI","54650","622110","General Medical and Surgical Hospitals","Healthcare provider","2017",1099
1118,44.88314,-91.89846,"Menomonie","WI","54751","622110","General Medical and Surgical Hospitals","Healthcare provider","2013",1063
1118,44.88314,-91.89846,"Menomonie","WI","54751","622110","General Medical and Surgical Hospitals","Healthcare provider","2014",1059
1118,44.88314,-91.89846,"Menomonie","WI","54751","622110","General Medical and Surgical Hospitals","Healthcare provider","2015",1056
1118,44.88314,-91.89846,"Menomonie","WI","54751","622110","General Medical and Surgical Hospitals","Healthcare provider","2016",1086
1118,44.88314,-91.89846,"Menomonie","WI","54751","622110","General Medical and Surgical Hospitals","Healthcare provider","2017",1093
1122,39.02744,-94.26374,"Blue Springs","MO","64014","622110","General Medical and Surgical Hospitals","Healthcare provider","2013",1131
1122,39.02744,-94.26374,"Blue Springs","MO","64014","622110","General Medical and Surgical Hospitals","Healthcare provider","2014",1156
1122,39.02744,-94.26374,"Blue Springs","MO","64014","622110","General Medical and Surgical Hospitals","Healthcare provider","2016",1162
1122,39.02744,-94.26374,"Blue Springs","MO","64014","622110","General Medical and Surgical Hospitals","Healthcare provider","2015",1156
1122,39.02744,-94.26374,"Blue Springs","MO","64014","622110","General Medical and Surgical Hospitals","Healthcare provider","2017",1174
1123,39.04781,-94.34936,"Independence","MO","64057","622110","General Medical and Surgical Hospitals","Healthcare provider","2013",1125
1123,39.04781,-94.34936,"Independence","MO","64057","622110","General Medical and Surgical Hospitals","Healthcare provider","2014",1150
1123,39.04781,-94.34936,"Independence","MO","64057","622110","General Medical and Surgical Hospitals","Healthcare provider","2015",1153
1123,39.04781,-94.34936,"Independence","MO","64057","622110","General Medical and Surgical Hospitals","Healthcare provider","2016",1177
1123,39.04781,-94.34936,"Independence","MO","64057","622110","General Medical and Surgical Hospitals","Healthcare provider","2017",1190
1124,37.69549,-97.299,"Wichita","KS","67214","622110","General Medical and Surgical Hospitals","Healthcare provider","2013",1423
1124,37.69549,-97.299,"Wichita","KS","67214","622110","General Medical and Surgical Hospitals","Healthcare provider","2014",1440
1124,37.69549,-97.299,"Wichita","KS","67214","622110","General Medical and Surgical Hospitals","Healthcare provider","2015",1461
1124,37.69549,-97.299,"Wichita","KS","67214","622110","General Medical and Surgical Hospitals","Healthcare provider","2016",1478
1124,37.69549,-97.299,"Wichita","KS","67214","622110","General Medical and Surgical Hospitals","Healthcare provider","2017",1462
1125,30.64107,-92.41766,"Mamou","LA","70554","622110","General Medical and Surgical Hospitals","Healthcare provider","2016",1088
1125,30.64107,-92.41766,"Mamou","LA","70554","622110","General Medical and Surgical Hospitals","Healthcare provider","2014",1090
1125,30.64107,-92.41766,"Mamou","LA","70554","622110","General Medical and Surgical Hospitals","Healthcare provider","2013",1094
1125,30.64107,-92.41766,"Mamou","LA","70554","622110","General Medical and Surgical Hospitals","Healthcare provider","2017",1086
1125,30.64107,-92.41766,"Mamou","LA","70554","622110","General Medical and Surgical Hospitals","Healthcare provider","2015",1092
1126,35.6552,-97.46051,"Edmond","OK","73034","622110","General Medical and Surgical Hospitals","Healthcare provider","2013",1141
1126,35.6552,-97.46051,"Edmond","OK","73034","622110","General Medical and Surgical Hospitals","Healthcare provider","2014",1148
1126,35.6552,-97.46051,"Edmond","OK","73034","622110","General Medical and Surgical Hospitals","Healthcare provider","2015",1168
1126,35.6552,-97.46051,"Edmond","OK","73034","622110","General Medical and Surgical Hospitals","Healthcare provider","2016",1168
1126,35.6552,-97.46051,"Edmond","OK","73034","622110","General Medical and Surgical Hospitals","Healthcare provider","2017",1180
1127,35.48228,-97.50131,"Oklahoma City","OK","73104","622110","General Medical and Surgical Hospitals","Healthcare provider","2013",1688
1127,35.48228,-97.50131,"Oklahoma City","OK","73104","622110","General Medical and Surgical Hospitals","Healthcare provider","2014",1765
1127,35.48228,-97.50131,"Oklahoma City","OK","73104","622110","General Medical and Surgical Hospitals","Healthcare provider","2015",1942
1127,35.48228,-97.50131,"Oklahoma City","OK","73104","622110","General Medical and Surgical Hospitals","Healthcare provider","2016",2003
1127,35.48228,-97.50131,"Oklahoma City","OK","73104","622110","General Medical and Surgical Hospitals","Healthcare provider","2017",1770
1136,44.90527,-72.81257,"Enosburg Falls","VT","05450","622110","General Medical and Surgical Hospitals","Healthcare provider","2014",1048
1136,44.90527,-72.81257,"Enosburg Falls","VT","05450","622110","General Medical and Surgical Hospitals","Healthcare provider","2013",1045
1136,44.90527,-72.81257,"Enosburg Falls","VT","05450","622110","General Medical and Surgical Hospitals","Healthcare provider","2015",1046
1136,44.90527,-72.81257,"Enosburg Falls","VT","05450","622110","General Medical and Surgical Hospitals","Healthcare provider","2017",1053
1136,44.90527,-72.81257,"Enosburg Falls","VT","05450","622110","General Medical and Surgical Hospitals","Healthcare provider","2016",1048
1149,33.58252,-111.7923,"Scottsdale","AZ","85259","622110","General Medical and Surgical Hospitals","Healthcare provider","2013",1138
1149,33.58252,-111.7923,"Scottsdale","AZ","85259","622110","General Medical and Surgical Hospitals","Healthcare provider","2014",1140
1149,33.58252,-111.7923,"Scottsdale","AZ","85259","622110","General Medical and Surgical Hospitals","Healthcare provider","2016",1234
1149,33.58252,-111.7923,"Scottsdale","AZ","85259","622110","General Medical and Surgical Hospitals","Healthcare provider","2015",1200
1149,33.58252,-111.7923,"Scottsdale","AZ","85259","622110","General Medical and Surgical Hospitals","Healthcare provider","2017",1239
1150,33.66714,-112.2202,"Glendale","AZ","85308","622110","General Medical and Surgical Hospitals","Healthcare provider","2013",1163
1150,33.66714,-112.2202,"Glendale","AZ","85308","622110","General Medical and Surgical Hospitals","Healthcare provider","2014",1150
1150,33.66714,-112.2202,"Glendale","AZ","85308","622110","General Medical and Surgical Hospitals","Healthcare provider","2016",1169
1150,33.66714,-112.2202,"Glendale","AZ","85308","622110","General Medical and Surgical Hospitals","Healthcare provider","2015",1149
1150,33.66714,-112.2202,"Glendale","AZ","85308","622110","General Medical and Surgical Hospitals","Healthcare provider","2017",1193
1151,34.20311,-118.6294,"West Hills","CA","91307","622110","General Medical and Surgical Hospitals","Healthcare provider","2013",1370
1151,34.20311,-118.6294,"West Hills","CA","91307","622110","General Medical and Surgical Hospitals","Healthcare provider","2014",1440
1151,34.20311,-118.6294,"West Hills","CA","91307","622110","General Medical and Surgical Hospitals","Healthcare provider","2015",1462
1151,34.20311,-118.6294,"West Hills","CA","91307","622110","General Medical and Surgical Hospitals","Healthcare provider","2016",1442
1151,34.20311,-118.6294,"West Hills","CA","91307","622110","General Medical and Surgical Hospitals","Healthcare provider","2017",1457
1152,34.39652,-118.553,"Valencia","CA","91355","622110","General Medical and Surgical Hospitals","Healthcare provider","2013",1201
1152,34.39652,-118.553,"Valencia","CA","91355","622110","General Medical and Surgical Hospitals","Healthcare provider","2014",1228
1152,34.39652,-118.553,"Valencia","CA","91355","622110","General Medical and Surgical Hospitals","Healthcare provider","2016",1297
1152,34.39652,-118.553,"Valencia","CA","91355","622110","General Medical and Surgical Hospitals","Healthcare provider","2015",1243
1152,34.39652,-118.553,"Valencia","CA","91355","622110","General Medical and Surgical Hospitals","Healthcare provider","2017",1328
1153,39.5282,-104.8731,"Lone Tree","CO","80124","622110","General Medical and Surgical Hospitals","Healthcare provider","2013",1078
1153,39.5282,-104.8731,"Lone Tree","CO","80124","622110","General Medical and Surgical Hospitals","Healthcare provider","2014",1098
1153,39.5282,-104.8731,"Lone Tree","CO","80124","622110","General Medical and Surgical Hospitals","Healthcare provider","2015",1101
1153,39.5282,-104.8731,"Lone Tree","CO","80124","622110","General Medical and Surgical Hospitals","Healthcare provider","2016",1121
1153,39.5282,-104.8731,"Lone Tree","CO","80124","622110","General Medical and Surgical Hospitals","Healthcare provider","2017",1126
1154,40.88691,-111.8689,"Bountiful","UT","84010","622110","General Medical and Surgical Hospitals","Healthcare provider","2013",1275
1154,40.88691,-111.8689,"Bountiful","UT","84010","622110","General Medical and Surgical Hospitals","Healthcare provider","2014",1247
1154,40.88691,-111.8689,"Bountiful","UT","84010","622110","General Medical and Surgical Hospitals","Healthcare provider","2015",1218
1154,40.88691,-111.8689,"Bountiful","UT","84010","622110","General Medical and Surgical Hospitals","Healthcare provider","2016",1222
1154,40.88691,-111.8689,"Bountiful","UT","84010","622110","General Medical and Surgical Hospitals","Healthcare provider","2017",1231
1155,39.73284,-104.9318,"Denver","CO","80220","622110","General Medical and Surgical Hospitals","Healthcare provider","2013",1586
1155,39.73284,-104.9318,"Denver","CO","80220","622110","General Medical and Surgical Hospitals","Healthcare provider","2014",1685
1155,39.73284,-104.9318,"Denver","CO","80220","622110","General Medical and Surgical Hospitals","Healthcare provider","2015",1782
1155,39.73284,-104.9318,"Denver","CO","80220","622110","General Medical and Surgical Hospitals","Healthcare provider","2016",1896
1155,39.73284,-104.9318,"Denver","CO","80220","622110","General Medical and Surgical Hospitals","Healthcare provider","2017",1945
1156,39.62691,-104.9111,"Denver","CO","80237","622110","General Medical and Surgical Hospitals","Healthcare provider","2013",1366
1156,39.62691,-104.9111,"Denver","CO","80237","622110","General Medical and Surgical Hospitals","Healthcare provider","2014",1359
1156,39.62691,-104.9111,"Denver","CO","80237","622110","General Medical and Surgical Hospitals","Healthcare provider","2015",1329
1156,39.62691,-104.9111,"Denver","CO","80237","622110","General Medical and Surgical Hospitals","Healthcare provider","2016",1391
1156,39.62691,-104.9111,"Denver","CO","80237","622110","General Medical and Surgical Hospitals","Healthcare provider","2017",1398
1158,35.48034,-97.49118,"Oklahoma City","OK","73104","622110","General Medical and Surgical Hospitals","Healthcare provider","2013",1779
1158,35.48034,-97.49118,"Oklahoma City","OK","73104","622110","General Medical and Surgical Hospitals","Healthcare provider","2014",1862
1158,35.48034,-97.49118,"Oklahoma City","OK","73104","622110","General Medical and Surgical Hospitals","Healthcare provider","2015",2028
1158,35.48034,-97.49118,"Oklahoma City","OK","73104","622110","General Medical and Surgical Hospitals","Healthcare provider","2016",2100
1158,35.48034,-97.49118,"Oklahoma City","OK","73104","622110","General Medical and Surgical Hospitals","Healthcare provider","2017",1829
1160,37.36351,-121.8486,"San Jose","CA","95116","622110","General Medical and Surgical Hospitals","Healthcare provider","2013",1367
1160,37.36351,-121.8486,"San Jose","CA","95116","622110","General Medical and Surgical Hospitals","Healthcare provider","2014",1385
1160,37.36351,-121.8486,"San Jose","CA","95116","622110","General Medical and Surgical Hospitals","Healthcare provider","2016",1530
1160,37.36351,-121.8486,"San Jose","CA","95116","622110","General Medical and Surgical Hospitals","Healthcare provider","2015",1489
1160,37.36351,-121.8486,"San Jose","CA","95116","622110","General Medical and Surgical Hospitals","Healthcare provider","2017",1623
1167,40.69761,-111.9904,"Salt Lake City","UT","84120","622110","General Medical and Surgical Hospitals","Healthcare provider","2013",6167
1167,40.69761,-111.9904,"Salt Lake City","UT","84120","622110","General Medical and Surgical Hospitals","Healthcare provider","2014",6331
1167,40.69761,-111.9904,"Salt Lake City","UT","84120","622110","General Medical and Surgical Hospitals","Healthcare provider","2015",7502
1167,40.69761,-111.9904,"Salt Lake City","UT","84120","622110","General Medical and Surgical Hospitals","Healthcare provider","2016",9202
1167,40.69761,-111.9904,"Salt Lake City","UT","84120","622110","General Medical and Surgical Hospitals","Healthcare provider","2017",10000
1168,39.18917,-93.87659,"Lexington","MO","64067","622110","General Medical and Surgical Hospitals","Healthcare provider","2015",1188
1168,39.18917,-93.87659,"Lexington","MO","64067","622110","General Medical and Surgical Hospitals","Healthcare provider","2016",1185
1168,39.18917,-93.87659,"Lexington","MO","64067","622110","General Medical and Surgical Hospitals","Healthcare provider","2013",1202
1168,39.18917,-93.87659,"Lexington","MO","64067","622110","General Medical and Surgical Hospitals","Healthcare provider","2014",1188
1168,39.18917,-93.87659,"Lexington","MO","64067","622110","General Medical and Surgical Hospitals","Healthcare provider","2017",1186
1169,39.007,-94.55669,"Kansas City","MO","64132","622110","General Medical and Surgical Hospitals","Healthcare provider","2013",1249
1169,39.007,-94.55669,"Kansas City","MO","64132","622110","General Medical and Surgical Hospitals","Healthcare provider","2014",1275
1169,39.007,-94.55669,"Kansas City","MO","64132","622110","General Medical and Surgical Hospitals","Healthcare provider","2015",1235
1169,39.007,-94.55669,"Kansas City","MO","64132","622110","General Medical and Surgical Hospitals","Healthcare provider","2016",1232
1169,39.007,-94.55669,"Kansas City","MO","64132","622110","General Medical and Surgical Hospitals","Healthcare provider","2017",1243
1170,38.9128,-94.65148,"Overland Park","KS","66209","622110","General Medical and Surgical Hospitals","Healthcare provider","2013",1232
1170,38.9128,-94.65148,"Overland Park","KS","66209","622110","General Medical and Surgical Hospitals","Healthcare provider","2014",1289
1170,38.9128,-94.65148,"Overland Park","KS","66209","622110","General Medical and Surgical Hospitals","Healthcare provider","2015",1299
1170,38.9128,-94.65148,"Overland Park","KS","66209","622110","General Medical and Surgical Hospitals","Healthcare provider","2016",1320
1170,38.9128,-94.65148,"Overland Park","KS","66209","622110","General Medical and Surgical Hospitals","Healthcare provider","2017",1369
1198,38.16409,-84.9123,"Frankfort","KY","40601","622110","General Medical and Surgical Hospitals","Healthcare provider","2013",1180
1198,38.16409,-84.9123,"Frankfort","KY","40601","622110","General Medical and Surgical Hospitals","Healthcare provider","2016",1159
1198,38.16409,-84.9123,"Frankfort","KY","40601","622110","General Medical and Surgical Hospitals","Healthcare provider","2015",1179
1198,38.16409,-84.9123,"Frankfort","KY","40601","622110","General Medical and Surgical Hospitals","Healthcare provider","2014",1179
1198,38.16409,-84.9123,"Frankfort","KY","40601","622110","General Medical and Surgical Hospitals","Healthcare provider","2017",1165
1202,38.93784,-94.72374,"Lenexa","KS","66215","622110","General Medical and Surgical Hospitals","Healthcare provider","2013",1172
1202,38.93784,-94.72374,"Lenexa","KS","66215","622110","General Medical and Surgical Hospitals","Healthcare provider","2014",1173
1202,38.93784,-94.72374,"Lenexa","KS","66215","622110","General Medical and Surgical Hospitals","Healthcare provider","2016",1178
1202,38.93784,-94.72374,"Lenexa","KS","66215","622110","General Medical and Surgical Hospitals","Healthcare provider","2015",1163
1202,38.93784,-94.72374,"Lenexa","KS","66215","622110","General Medical and Surgical Hospitals","Healthcare provider","2017",1198
1217,44.80686,-73.07349,"Saint Albans","VT","05478","622110","General Medical and Surgical Hospitals","Healthcare provider","2013",1095
1217,44.80686,-73.07349,"Saint Albans","VT","05478","622110","General Medical and Surgical Hospitals","Healthcare provider","2014",1092
1217,44.80686,-73.07349,"Saint Albans","VT","05478","622110","General Medical and Surgical Hospitals","Healthcare provider","2015",1099
1217,44.80686,-73.07349,"Saint Albans","VT","05478","622110","General Medical and Surgical Hospitals","Healthcare provider","2017",1113
1217,44.80686,-73.07349,"Saint Albans","VT","05478","622110","General Medical and Surgical Hospitals","Healthcare provider","2016",1105
1218,40.68702,-111.8569,"Salt Lake City","UT","84124","622110","General Medical and Surgical Hospitals","Healthcare provider","2013",2059
1218,40.68702,-111.8569,"Salt Lake City","UT","84124","622110","General Medical and Surgical Hospitals","Healthcare provider","2014",2332
1218,40.68702,-111.8569,"Salt Lake City","UT","84124","622110","General Medical and Surgical Hospitals","Healthcare provider","2015",2703
1218,40.68702,-111.8569,"Salt Lake City","UT","84124","622110","General Medical and Surgical Hospitals","Healthcare provider","2016",1337
1218,40.68702,-111.8569,"Salt Lake City","UT","84124","622110","General Medical and Surgical Hospitals","Healthcare provider","2017",1357
1221,36.22488,-115.0813,"Las Vegas","NV","89115","622110","General Medical and Surgical Hospitals","Healthcare provider","2013",1093
1221,36.22488,-115.0813,"Las Vegas","NV","89115","622110","General Medical and Surgical Hospitals","Healthcare provider","2015",1120
1221,36.22488,-115.0813,"Las Vegas","NV","89115","622110","General Medical and Surgical Hospitals","Healthcare provider","2014",1101
1221,36.22488,-115.0813,"Las Vegas","NV","89115","622110","General Medical and Surgical Hospitals","Healthcare provider","2016",1131
1221,36.22488,-115.0813,"Las Vegas","NV","89115","622110","General Medical and Surgical Hospitals","Healthcare provider","2017",1154
1224,33.45771,-117.65,"San Clemente","CA","92673","622110","General Medical and Surgical Hospitals","Healthcare provider","2013",1241
1224,33.45771,-117.65,"San Clemente","CA","92673","622110","General Medical and Surgical Hospitals","Healthcare provider","2014",1253
1224,33.45771,-117.65,"San Clemente","CA","92673","622110","General Medical and Surgical Hospitals","Healthcare provider","2016",1300
1224,33.45771,-117.65,"San Clemente","CA","92673","622110","General Medical and Surgical Hospitals","Healthcare provider","2015",1272
1224,33.45771,-117.65,"San Clemente","CA","92673","622110","General Medical and Surgical Hospitals","Healthcare provider","2017",1321
